-- phpMyAdmin SQL Dump
-- version 4.9.0.1
-- https://www.phpmyadmin.net/
--
-- Host: sql108.infinityfree.com
-- Generation Time: Jun 04, 2026 at 10:43 AM
-- Server version: 11.4.12-MariaDB
-- PHP Version: 7.2.22

SET SQL_MODE = "NO_AUTO_VALUE_ON_ZERO";
SET AUTOCOMMIT = 0;
START TRANSACTION;
SET time_zone = "+00:00";


/*!40101 SET @OLD_CHARACTER_SET_CLIENT=@@CHARACTER_SET_CLIENT */;
/*!40101 SET @OLD_CHARACTER_SET_RESULTS=@@CHARACTER_SET_RESULTS */;
/*!40101 SET @OLD_COLLATION_CONNECTION=@@COLLATION_CONNECTION */;
/*!40101 SET NAMES utf8mb4 */;

--
-- Database: `if0_41589095_absensi_barcode`
--

-- --------------------------------------------------------

--
-- Table structure for table `absensis`
--

CREATE TABLE `absensis` (
  `id` bigint(20) UNSIGNED NOT NULL,
  `id_user` bigint(20) UNSIGNED NOT NULL,
  `id_shift` bigint(20) UNSIGNED NOT NULL,
  `id_barcode` bigint(20) UNSIGNED NOT NULL,
  `tanggal_absen` date NOT NULL,
  `waktu_absen` datetime NOT NULL,
  `status` enum('hadir','terlambat') NOT NULL,
  `created_at` timestamp NULL DEFAULT NULL,
  `updated_at` timestamp NULL DEFAULT NULL
) ENGINE=InnoDB DEFAULT CHARSET=utf8mb4 COLLATE=utf8mb4_unicode_ci;

--
-- Dumping data for table `absensis`
--

INSERT INTO `absensis` (`id`, `id_user`, `id_shift`, `id_barcode`, `tanggal_absen`, `waktu_absen`, `status`, `created_at`, `updated_at`) VALUES
(1, 3, 1, 1, '2026-04-06', '2026-04-06 06:04:28', 'hadir', '2026-04-06 04:40:33', '2026-04-06 04:40:33'),
(2, 5, 1, 1, '2026-04-06', '2026-04-06 06:10:45', 'terlambat', '2026-04-06 04:40:33', '2026-04-06 04:40:33'),
(3, 6, 1, 1, '2026-04-06', '2026-04-06 05:47:05', 'hadir', '2026-04-06 04:40:33', '2026-04-06 04:40:33'),
(4, 7, 1, 1, '2026-04-06', '2026-04-06 06:04:34', 'hadir', '2026-04-06 04:40:33', '2026-04-06 04:40:33'),
(5, 8, 1, 1, '2026-04-06', '2026-04-06 06:20:20', 'terlambat', '2026-04-06 04:40:33', '2026-04-06 04:40:33'),
(6, 10, 1, 1, '2026-04-06', '2026-04-06 06:06:32', 'terlambat', '2026-04-06 04:40:34', '2026-04-06 04:40:34'),
(7, 12, 3, 3, '2026-04-06', '2026-04-06 21:56:08', 'hadir', '2026-04-06 04:40:34', '2026-04-06 04:40:34'),
(8, 2, 1, 1, '2026-04-05', '2026-04-05 05:56:49', 'hadir', '2026-04-06 04:40:34', '2026-04-06 04:40:34'),
(9, 5, 1, 1, '2026-04-05', '2026-04-05 05:57:28', 'hadir', '2026-04-06 04:40:34', '2026-04-06 04:40:34'),
(10, 6, 1, 1, '2026-04-05', '2026-04-05 06:04:15', 'hadir', '2026-04-06 04:40:34', '2026-04-06 04:40:34'),
(11, 7, 1, 1, '2026-04-05', '2026-04-05 06:49:01', 'terlambat', '2026-04-06 04:40:34', '2026-04-06 04:40:34'),
(12, 8, 1, 1, '2026-04-05', '2026-04-05 06:00:10', 'hadir', '2026-04-06 04:40:34', '2026-04-06 04:40:34'),
(13, 11, 2, 2, '2026-04-05', '2026-04-05 14:04:39', 'hadir', '2026-04-06 04:40:34', '2026-04-06 04:40:34'),
(14, 12, 3, 3, '2026-04-05', '2026-04-05 22:04:20', 'hadir', '2026-04-06 04:40:34', '2026-04-06 04:40:34'),
(15, 2, 1, 1, '2026-04-04', '2026-04-04 06:08:12', 'terlambat', '2026-04-06 04:40:34', '2026-04-06 04:40:34'),
(16, 5, 1, 1, '2026-04-04', '2026-04-04 06:01:02', 'hadir', '2026-04-06 04:40:34', '2026-04-06 04:40:34'),
(17, 7, 1, 1, '2026-04-04', '2026-04-04 06:03:57', 'hadir', '2026-04-06 04:40:34', '2026-04-06 04:40:34'),
(18, 8, 1, 1, '2026-04-04', '2026-04-04 06:03:36', 'hadir', '2026-04-06 04:40:34', '2026-04-06 04:40:34'),
(19, 10, 1, 1, '2026-04-04', '2026-04-04 05:57:23', 'hadir', '2026-04-06 04:40:34', '2026-04-06 04:40:34'),
(20, 11, 2, 2, '2026-04-04', '2026-04-04 13:48:45', 'hadir', '2026-04-06 04:40:34', '2026-04-06 04:40:34'),
(21, 12, 3, 3, '2026-04-04', '2026-04-04 22:22:29', 'terlambat', '2026-04-06 04:40:34', '2026-04-06 04:40:34'),
(22, 5, 1, 1, '2026-04-03', '2026-04-03 05:46:10', 'hadir', '2026-04-06 04:40:34', '2026-04-06 04:40:34'),
(23, 6, 1, 1, '2026-04-03', '2026-04-03 06:36:35', 'terlambat', '2026-04-06 04:40:34', '2026-04-06 04:40:34'),
(24, 7, 1, 1, '2026-04-03', '2026-04-03 06:37:13', 'terlambat', '2026-04-06 04:40:34', '2026-04-06 04:40:34'),
(25, 8, 1, 1, '2026-04-03', '2026-04-03 06:35:22', 'terlambat', '2026-04-06 04:40:34', '2026-04-06 04:40:34'),
(26, 10, 1, 1, '2026-04-03', '2026-04-03 06:13:38', 'terlambat', '2026-04-06 04:40:34', '2026-04-06 04:40:34'),
(27, 11, 2, 2, '2026-04-03', '2026-04-03 14:01:20', 'hadir', '2026-04-06 04:40:34', '2026-04-06 04:40:34'),
(28, 12, 3, 3, '2026-04-03', '2026-04-03 22:30:01', 'terlambat', '2026-04-06 04:40:34', '2026-04-06 04:40:34'),
(29, 3, 1, 1, '2026-04-02', '2026-04-02 06:08:53', 'terlambat', '2026-04-06 04:40:34', '2026-04-06 04:40:34'),
(30, 5, 1, 1, '2026-04-02', '2026-04-02 06:37:11', 'terlambat', '2026-04-06 04:40:34', '2026-04-06 04:40:34'),
(31, 6, 1, 1, '2026-04-02', '2026-04-02 06:27:23', 'terlambat', '2026-04-06 04:40:34', '2026-04-06 04:40:34'),
(32, 7, 1, 1, '2026-04-02', '2026-04-02 06:35:46', 'terlambat', '2026-04-06 04:40:34', '2026-04-06 04:40:34'),
(33, 11, 2, 2, '2026-04-02', '2026-04-02 14:33:47', 'terlambat', '2026-04-06 04:40:34', '2026-04-06 04:40:34'),
(34, 12, 3, 3, '2026-04-02', '2026-04-02 22:06:39', 'terlambat', '2026-04-06 04:40:34', '2026-04-06 04:40:34'),
(35, 2, 1, 1, '2026-04-01', '2026-04-01 05:52:13', 'hadir', '2026-04-06 04:40:34', '2026-04-06 04:40:34'),
(36, 3, 1, 1, '2026-04-01', '2026-04-01 05:46:53', 'hadir', '2026-04-06 04:40:34', '2026-04-06 04:40:34'),
(37, 5, 1, 1, '2026-04-01', '2026-04-01 06:05:40', 'hadir', '2026-04-06 04:40:34', '2026-04-06 04:40:34'),
(38, 7, 1, 1, '2026-04-01', '2026-04-01 06:29:11', 'terlambat', '2026-04-06 04:40:34', '2026-04-06 04:40:34'),
(39, 8, 1, 1, '2026-04-01', '2026-04-01 05:51:11', 'hadir', '2026-04-06 04:40:34', '2026-04-06 04:40:34'),
(40, 11, 2, 2, '2026-04-01', '2026-04-01 15:18:40', 'terlambat', '2026-04-06 04:40:34', '2026-04-06 04:40:34'),
(41, 2, 1, 1, '2026-03-31', '2026-03-31 06:38:59', 'terlambat', '2026-04-06 04:40:34', '2026-04-06 04:40:34'),
(42, 3, 1, 1, '2026-03-31', '2026-03-31 06:49:24', 'terlambat', '2026-04-06 04:40:34', '2026-04-06 04:40:34'),
(43, 6, 1, 1, '2026-03-31', '2026-03-31 06:02:24', 'hadir', '2026-04-06 04:40:34', '2026-04-06 04:40:34'),
(44, 7, 1, 1, '2026-03-31', '2026-03-31 06:01:24', 'hadir', '2026-04-06 04:40:34', '2026-04-06 04:40:34'),
(45, 8, 1, 1, '2026-03-31', '2026-03-31 06:35:51', 'terlambat', '2026-04-06 04:40:34', '2026-04-06 04:40:34'),
(46, 11, 2, 2, '2026-03-31', '2026-03-31 14:43:52', 'terlambat', '2026-04-06 04:40:34', '2026-04-06 04:40:34'),
(47, 12, 3, 3, '2026-03-31', '2026-03-31 21:46:42', 'hadir', '2026-04-06 04:40:34', '2026-04-06 04:40:34'),
(48, 3, 1, 1, '2026-03-30', '2026-03-30 06:10:22', 'terlambat', '2026-04-06 04:40:34', '2026-04-06 04:40:34'),
(49, 5, 1, 1, '2026-03-30', '2026-03-30 05:48:34', 'hadir', '2026-04-06 04:40:34', '2026-04-06 04:40:34'),
(50, 6, 1, 1, '2026-03-30', '2026-03-30 05:59:59', 'hadir', '2026-04-06 04:40:34', '2026-04-06 04:40:34'),
(51, 7, 1, 1, '2026-03-30', '2026-03-30 06:15:44', 'terlambat', '2026-04-06 04:40:34', '2026-04-06 04:40:34'),
(52, 8, 1, 1, '2026-03-30', '2026-03-30 05:52:30', 'hadir', '2026-04-06 04:40:34', '2026-04-06 04:40:34'),
(53, 10, 1, 1, '2026-03-30', '2026-03-30 05:54:39', 'hadir', '2026-04-06 04:40:34', '2026-04-06 04:40:34'),
(54, 11, 2, 2, '2026-03-30', '2026-03-30 13:46:34', 'hadir', '2026-04-06 04:40:34', '2026-04-06 04:40:34'),
(55, 12, 3, 3, '2026-03-30', '2026-03-30 21:59:38', 'hadir', '2026-04-06 04:40:34', '2026-04-06 04:40:34'),
(56, 2, 1, 1, '2026-03-29', '2026-03-29 06:23:12', 'terlambat', '2026-04-06 04:40:34', '2026-04-06 04:40:34'),
(57, 3, 1, 1, '2026-03-29', '2026-03-29 06:09:10', 'terlambat', '2026-04-06 04:40:34', '2026-04-06 04:40:34'),
(58, 5, 1, 1, '2026-03-29', '2026-03-29 05:55:28', 'hadir', '2026-04-06 04:40:34', '2026-04-06 04:40:34'),
(59, 6, 1, 1, '2026-03-29', '2026-03-29 06:09:25', 'terlambat', '2026-04-06 04:40:34', '2026-04-06 04:40:34'),
(60, 8, 1, 1, '2026-03-29', '2026-03-29 05:57:55', 'hadir', '2026-04-06 04:40:34', '2026-04-06 04:40:34'),
(61, 11, 2, 2, '2026-03-29', '2026-03-29 14:21:45', 'terlambat', '2026-04-06 04:40:34', '2026-04-06 04:40:34'),
(62, 12, 3, 3, '2026-03-29', '2026-03-29 21:50:39', 'hadir', '2026-04-06 04:40:34', '2026-04-06 04:40:34'),
(63, 5, 1, 1, '2026-03-28', '2026-03-28 06:09:05', 'terlambat', '2026-04-06 04:40:34', '2026-04-06 04:40:34'),
(64, 6, 1, 1, '2026-03-28', '2026-03-28 06:03:11', 'hadir', '2026-04-06 04:40:34', '2026-04-06 04:40:34'),
(65, 7, 1, 1, '2026-03-28', '2026-03-28 05:52:33', 'hadir', '2026-04-06 04:40:34', '2026-04-06 04:40:34'),
(66, 3, 1, 1, '2026-03-27', '2026-03-27 06:08:50', 'terlambat', '2026-04-06 04:40:34', '2026-04-06 04:40:34'),
(67, 5, 1, 1, '2026-03-27', '2026-03-27 05:54:06', 'hadir', '2026-04-06 04:40:34', '2026-04-06 04:40:34'),
(68, 6, 1, 1, '2026-03-27', '2026-03-27 06:35:26', 'terlambat', '2026-04-06 04:40:34', '2026-04-06 04:40:34'),
(69, 7, 1, 1, '2026-03-27', '2026-03-27 06:03:23', 'hadir', '2026-04-06 04:40:34', '2026-04-06 04:40:34'),
(70, 8, 1, 1, '2026-03-27', '2026-03-27 06:41:53', 'terlambat', '2026-04-06 04:40:34', '2026-04-06 04:40:34'),
(71, 11, 2, 2, '2026-03-27', '2026-03-27 14:34:44', 'terlambat', '2026-04-06 04:40:34', '2026-04-06 04:40:34'),
(72, 12, 3, 3, '2026-03-27', '2026-03-27 21:47:46', 'hadir', '2026-04-06 04:40:34', '2026-04-06 04:40:34'),
(73, 5, 1, 1, '2026-03-26', '2026-03-26 05:52:13', 'hadir', '2026-04-06 04:40:34', '2026-04-06 04:40:34'),
(74, 6, 1, 1, '2026-03-26', '2026-03-26 06:25:33', 'terlambat', '2026-04-06 04:40:34', '2026-04-06 04:40:34'),
(75, 7, 1, 1, '2026-03-26', '2026-03-26 07:22:19', 'terlambat', '2026-04-06 04:40:34', '2026-04-06 04:40:34'),
(76, 11, 2, 2, '2026-03-26', '2026-03-26 14:26:11', 'terlambat', '2026-04-06 04:40:34', '2026-04-06 04:40:34'),
(77, 12, 3, 3, '2026-03-26', '2026-03-26 21:52:53', 'hadir', '2026-04-06 04:40:34', '2026-04-06 04:40:34'),
(78, 2, 1, 1, '2026-03-25', '2026-03-25 07:25:59', 'terlambat', '2026-04-06 04:40:34', '2026-04-06 04:40:34'),
(79, 5, 1, 1, '2026-03-25', '2026-03-25 06:02:08', 'hadir', '2026-04-06 04:40:34', '2026-04-06 04:40:34'),
(80, 6, 1, 1, '2026-03-25', '2026-03-25 06:41:17', 'terlambat', '2026-04-06 04:40:34', '2026-04-06 04:40:34'),
(81, 7, 1, 1, '2026-03-25', '2026-03-25 06:16:17', 'terlambat', '2026-04-06 04:40:34', '2026-04-06 04:40:34'),
(82, 8, 1, 1, '2026-03-25', '2026-03-25 05:51:49', 'hadir', '2026-04-06 04:40:34', '2026-04-06 04:40:34'),
(83, 11, 2, 2, '2026-03-25', '2026-03-25 13:54:44', 'hadir', '2026-04-06 04:40:34', '2026-04-06 04:40:34'),
(84, 12, 3, 3, '2026-03-25', '2026-03-25 22:40:15', 'terlambat', '2026-04-06 04:40:34', '2026-04-06 04:40:34'),
(85, 3, 1, 1, '2026-03-24', '2026-03-24 06:40:11', 'terlambat', '2026-04-06 04:40:34', '2026-04-06 04:40:34'),
(86, 5, 1, 1, '2026-03-24', '2026-03-24 06:52:51', 'terlambat', '2026-04-06 04:40:34', '2026-04-06 04:40:34'),
(87, 6, 1, 1, '2026-03-24', '2026-03-24 06:17:11', 'terlambat', '2026-04-06 04:40:34', '2026-04-06 04:40:34'),
(88, 7, 1, 1, '2026-03-24', '2026-03-24 06:18:24', 'terlambat', '2026-04-06 04:40:34', '2026-04-06 04:40:34'),
(89, 8, 1, 1, '2026-03-24', '2026-03-24 05:50:01', 'hadir', '2026-04-06 04:40:34', '2026-04-06 04:40:34'),
(90, 11, 2, 2, '2026-03-24', '2026-03-24 13:50:18', 'hadir', '2026-04-06 04:40:34', '2026-04-06 04:40:34'),
(91, 12, 3, 3, '2026-03-24', '2026-03-24 21:59:47', 'hadir', '2026-04-06 04:40:34', '2026-04-06 04:40:34'),
(92, 2, 1, 1, '2026-03-23', '2026-03-23 05:50:05', 'hadir', '2026-04-06 04:40:34', '2026-04-06 04:40:34'),
(93, 3, 1, 1, '2026-03-23', '2026-03-23 06:27:23', 'terlambat', '2026-04-06 04:40:34', '2026-04-06 04:40:34'),
(94, 5, 1, 1, '2026-03-23', '2026-03-23 06:00:33', 'hadir', '2026-04-06 04:40:34', '2026-04-06 04:40:34'),
(95, 8, 1, 1, '2026-03-23', '2026-03-23 06:42:11', 'terlambat', '2026-04-06 04:40:34', '2026-04-06 04:40:34'),
(96, 10, 1, 1, '2026-03-23', '2026-03-23 05:55:59', 'hadir', '2026-04-06 04:40:34', '2026-04-06 04:40:34'),
(97, 11, 2, 2, '2026-03-23', '2026-03-23 13:46:57', 'hadir', '2026-04-06 04:40:34', '2026-04-06 04:40:34'),
(98, 12, 3, 3, '2026-03-23', '2026-03-23 21:56:50', 'hadir', '2026-04-06 04:40:34', '2026-04-06 04:40:34'),
(99, 5, 1, 1, '2026-03-22', '2026-03-22 05:52:32', 'hadir', '2026-04-06 04:40:34', '2026-04-06 04:40:34'),
(100, 6, 1, 1, '2026-03-22', '2026-03-22 06:31:24', 'terlambat', '2026-04-06 04:40:34', '2026-04-06 04:40:34'),
(101, 7, 1, 1, '2026-03-22', '2026-03-22 05:56:58', 'hadir', '2026-04-06 04:40:34', '2026-04-06 04:40:34'),
(102, 8, 1, 1, '2026-03-22', '2026-03-22 05:56:04', 'hadir', '2026-04-06 04:40:34', '2026-04-06 04:40:34'),
(103, 10, 1, 1, '2026-03-22', '2026-03-22 06:09:06', 'terlambat', '2026-04-06 04:40:34', '2026-04-06 04:40:34'),
(104, 3, 1, 1, '2026-03-21', '2026-03-21 06:53:09', 'terlambat', '2026-04-06 04:40:34', '2026-04-06 04:40:34'),
(105, 5, 1, 1, '2026-03-21', '2026-03-21 06:15:21', 'terlambat', '2026-04-06 04:40:34', '2026-04-06 04:40:34'),
(106, 6, 1, 1, '2026-03-21', '2026-03-21 06:35:45', 'terlambat', '2026-04-06 04:40:34', '2026-04-06 04:40:34'),
(107, 7, 1, 1, '2026-03-21', '2026-03-21 06:34:35', 'terlambat', '2026-04-06 04:40:34', '2026-04-06 04:40:34'),
(108, 8, 1, 1, '2026-03-21', '2026-03-21 06:41:22', 'terlambat', '2026-04-06 04:40:34', '2026-04-06 04:40:34'),
(109, 10, 1, 1, '2026-03-21', '2026-03-21 06:13:04', 'terlambat', '2026-04-06 04:40:34', '2026-04-06 04:40:34'),
(110, 11, 2, 2, '2026-03-21', '2026-03-21 14:42:48', 'terlambat', '2026-04-06 04:40:34', '2026-04-06 04:40:34'),
(111, 12, 3, 3, '2026-03-21', '2026-03-21 22:05:41', 'hadir', '2026-04-06 04:40:34', '2026-04-06 04:40:34'),
(112, 5, 1, 1, '2026-03-20', '2026-03-20 05:51:07', 'hadir', '2026-04-06 04:40:34', '2026-04-06 04:40:34'),
(113, 7, 1, 1, '2026-03-20', '2026-03-20 05:45:24', 'hadir', '2026-04-06 04:40:34', '2026-04-06 04:40:34'),
(114, 8, 1, 1, '2026-03-20', '2026-03-20 05:46:03', 'hadir', '2026-04-06 04:40:34', '2026-04-06 04:40:34'),
(115, 10, 1, 1, '2026-03-20', '2026-03-20 06:41:21', 'terlambat', '2026-04-06 04:40:34', '2026-04-06 04:40:34'),
(116, 11, 2, 2, '2026-03-20', '2026-03-20 13:55:51', 'hadir', '2026-04-06 04:40:34', '2026-04-06 04:40:34'),
(117, 2, 1, 1, '2026-03-19', '2026-03-19 06:48:08', 'terlambat', '2026-04-06 04:40:34', '2026-04-06 04:40:34'),
(118, 3, 1, 1, '2026-03-19', '2026-03-19 06:24:24', 'terlambat', '2026-04-06 04:40:34', '2026-04-06 04:40:34'),
(119, 5, 1, 1, '2026-03-19', '2026-03-19 06:05:41', 'hadir', '2026-04-06 04:40:34', '2026-04-06 04:40:34'),
(120, 6, 1, 1, '2026-03-19', '2026-03-19 06:41:26', 'terlambat', '2026-04-06 04:40:34', '2026-04-06 04:40:34'),
(121, 7, 1, 1, '2026-03-19', '2026-03-19 06:37:48', 'terlambat', '2026-04-06 04:40:34', '2026-04-06 04:40:34'),
(122, 8, 1, 1, '2026-03-19', '2026-03-19 06:44:25', 'terlambat', '2026-04-06 04:40:34', '2026-04-06 04:40:34'),
(123, 11, 2, 2, '2026-03-19', '2026-03-19 14:39:30', 'terlambat', '2026-04-06 04:40:34', '2026-04-06 04:40:34'),
(124, 12, 3, 3, '2026-03-19', '2026-03-19 22:49:21', 'terlambat', '2026-04-06 04:40:34', '2026-04-06 04:40:34'),
(125, 2, 1, 1, '2026-03-18', '2026-03-18 06:18:02', 'terlambat', '2026-04-06 04:40:34', '2026-04-06 04:40:34'),
(126, 3, 1, 1, '2026-03-18', '2026-03-18 06:01:43', 'hadir', '2026-04-06 04:40:34', '2026-04-06 04:40:34'),
(127, 5, 1, 1, '2026-03-18', '2026-03-18 06:12:58', 'terlambat', '2026-04-06 04:40:34', '2026-04-06 04:40:34'),
(128, 6, 1, 1, '2026-03-18', '2026-03-18 06:34:53', 'terlambat', '2026-04-06 04:40:34', '2026-04-06 04:40:34'),
(129, 7, 1, 1, '2026-03-18', '2026-03-18 05:59:18', 'hadir', '2026-04-06 04:40:34', '2026-04-06 04:40:34'),
(130, 8, 1, 1, '2026-03-18', '2026-03-18 06:27:32', 'terlambat', '2026-04-06 04:40:34', '2026-04-06 04:40:34'),
(131, 11, 2, 2, '2026-03-18', '2026-03-18 13:54:48', 'hadir', '2026-04-06 04:40:34', '2026-04-06 04:40:34'),
(132, 12, 3, 3, '2026-03-18', '2026-03-18 21:51:04', 'hadir', '2026-04-06 04:40:34', '2026-04-06 04:40:34'),
(133, 5, 1, 1, '2026-03-17', '2026-03-17 05:57:52', 'hadir', '2026-04-06 04:40:34', '2026-04-06 04:40:34'),
(134, 6, 1, 1, '2026-03-17', '2026-03-17 06:19:36', 'terlambat', '2026-04-06 04:40:34', '2026-04-06 04:40:34'),
(135, 7, 1, 1, '2026-03-17', '2026-03-17 06:20:41', 'terlambat', '2026-04-06 04:40:34', '2026-04-06 04:40:34'),
(136, 8, 1, 1, '2026-03-17', '2026-03-17 06:10:36', 'terlambat', '2026-04-06 04:40:34', '2026-04-06 04:40:34'),
(137, 10, 1, 1, '2026-03-17', '2026-03-17 06:32:53', 'terlambat', '2026-04-06 04:40:34', '2026-04-06 04:40:34'),
(138, 11, 2, 2, '2026-03-17', '2026-03-17 13:54:27', 'hadir', '2026-04-06 04:40:34', '2026-04-06 04:40:34'),
(139, 12, 3, 3, '2026-03-17', '2026-03-17 21:49:37', 'hadir', '2026-04-06 04:40:34', '2026-04-06 04:40:34'),
(140, 6, 1, 1, '2026-03-16', '2026-03-16 06:28:25', 'terlambat', '2026-04-06 04:40:34', '2026-04-06 04:40:34'),
(141, 7, 1, 1, '2026-03-16', '2026-03-16 06:20:27', 'terlambat', '2026-04-06 04:40:34', '2026-04-06 04:40:34'),
(142, 10, 1, 1, '2026-03-16', '2026-03-16 07:11:33', 'terlambat', '2026-04-06 04:40:34', '2026-04-06 04:40:34'),
(143, 11, 2, 2, '2026-03-16', '2026-03-16 14:24:17', 'terlambat', '2026-04-06 04:40:34', '2026-04-06 04:40:34'),
(144, 12, 3, 3, '2026-03-16', '2026-03-16 22:09:11', 'terlambat', '2026-04-06 04:40:34', '2026-04-06 04:40:34'),
(145, 3, 1, 1, '2026-03-15', '2026-03-15 05:50:42', 'hadir', '2026-04-06 04:40:34', '2026-04-06 04:40:34'),
(146, 5, 1, 1, '2026-03-15', '2026-03-15 05:57:39', 'hadir', '2026-04-06 04:40:34', '2026-04-06 04:40:34'),
(147, 6, 1, 1, '2026-03-15', '2026-03-15 06:30:50', 'terlambat', '2026-04-06 04:40:34', '2026-04-06 04:40:34'),
(148, 7, 1, 1, '2026-03-15', '2026-03-15 06:19:38', 'terlambat', '2026-04-06 04:40:34', '2026-04-06 04:40:34'),
(149, 8, 1, 1, '2026-03-15', '2026-03-15 06:04:55', 'hadir', '2026-04-06 04:40:34', '2026-04-06 04:40:34'),
(150, 11, 2, 2, '2026-03-15', '2026-03-15 14:07:27', 'terlambat', '2026-04-06 04:40:34', '2026-04-06 04:40:34'),
(151, 12, 3, 3, '2026-03-15', '2026-03-15 22:27:53', 'terlambat', '2026-04-06 04:40:34', '2026-04-06 04:40:34'),
(152, 3, 1, 1, '2026-03-14', '2026-03-14 06:38:56', 'terlambat', '2026-04-06 04:40:34', '2026-04-06 04:40:34'),
(153, 6, 1, 1, '2026-03-14', '2026-03-14 06:17:56', 'terlambat', '2026-04-06 04:40:34', '2026-04-06 04:40:34'),
(154, 10, 1, 1, '2026-03-14', '2026-03-14 06:03:05', 'hadir', '2026-04-06 04:40:34', '2026-04-06 04:40:34'),
(155, 11, 2, 2, '2026-03-14', '2026-03-14 13:54:52', 'hadir', '2026-04-06 04:40:34', '2026-04-06 04:40:34'),
(156, 12, 3, 3, '2026-03-14', '2026-03-14 22:33:14', 'terlambat', '2026-04-06 04:40:34', '2026-04-06 04:40:34'),
(157, 2, 1, 1, '2026-03-13', '2026-03-13 05:51:11', 'hadir', '2026-04-06 04:40:34', '2026-04-06 04:40:34'),
(158, 3, 1, 1, '2026-03-13', '2026-03-13 05:47:34', 'hadir', '2026-04-06 04:40:34', '2026-04-06 04:40:34'),
(159, 5, 1, 1, '2026-03-13', '2026-03-13 05:47:37', 'hadir', '2026-04-06 04:40:34', '2026-04-06 04:40:34'),
(160, 6, 1, 1, '2026-03-13', '2026-03-13 06:27:49', 'terlambat', '2026-04-06 04:40:34', '2026-04-06 04:40:34'),
(161, 7, 1, 1, '2026-03-13', '2026-03-13 05:50:15', 'hadir', '2026-04-06 04:40:34', '2026-04-06 04:40:34'),
(162, 11, 2, 2, '2026-03-13', '2026-03-13 13:50:32', 'hadir', '2026-04-06 04:40:34', '2026-04-06 04:40:34'),
(163, 12, 3, 3, '2026-03-13', '2026-03-13 21:56:30', 'hadir', '2026-04-06 04:40:34', '2026-04-06 04:40:34'),
(164, 5, 1, 1, '2026-03-12', '2026-03-12 06:01:43', 'hadir', '2026-04-06 04:40:34', '2026-04-06 04:40:34'),
(165, 6, 1, 1, '2026-03-12', '2026-03-12 06:01:13', 'hadir', '2026-04-06 04:40:34', '2026-04-06 04:40:34'),
(166, 7, 1, 1, '2026-03-12', '2026-03-12 06:09:55', 'terlambat', '2026-04-06 04:40:34', '2026-04-06 04:40:34'),
(167, 10, 1, 1, '2026-03-12', '2026-03-12 05:53:10', 'hadir', '2026-04-06 04:40:34', '2026-04-06 04:40:34'),
(168, 12, 3, 3, '2026-03-12', '2026-03-12 22:27:58', 'terlambat', '2026-04-06 04:40:34', '2026-04-06 04:40:34'),
(169, 2, 1, 1, '2026-03-11', '2026-03-11 06:08:09', 'terlambat', '2026-04-06 04:40:34', '2026-04-06 04:40:34'),
(170, 3, 1, 1, '2026-03-11', '2026-03-11 06:21:50', 'terlambat', '2026-04-06 04:40:34', '2026-04-06 04:40:34'),
(171, 5, 1, 1, '2026-03-11', '2026-03-11 06:02:13', 'hadir', '2026-04-06 04:40:34', '2026-04-06 04:40:34'),
(172, 6, 1, 1, '2026-03-11', '2026-03-11 06:38:30', 'terlambat', '2026-04-06 04:40:34', '2026-04-06 04:40:34'),
(173, 7, 1, 1, '2026-03-11', '2026-03-11 05:59:30', 'hadir', '2026-04-06 04:40:34', '2026-04-06 04:40:34'),
(174, 10, 1, 1, '2026-03-11', '2026-03-11 06:36:28', 'terlambat', '2026-04-06 04:40:34', '2026-04-06 04:40:34'),
(175, 11, 2, 2, '2026-03-11', '2026-03-11 14:31:23', 'terlambat', '2026-04-06 04:40:34', '2026-04-06 04:40:34'),
(176, 12, 3, 3, '2026-03-11', '2026-03-11 22:30:41', 'terlambat', '2026-04-06 04:40:34', '2026-04-06 04:40:34'),
(177, 5, 1, 1, '2026-03-10', '2026-03-10 05:47:16', 'hadir', '2026-04-06 04:40:34', '2026-04-06 04:40:34'),
(178, 6, 1, 1, '2026-03-10', '2026-03-10 06:02:41', 'hadir', '2026-04-06 04:40:34', '2026-04-06 04:40:34'),
(179, 7, 1, 1, '2026-03-10', '2026-03-10 06:28:00', 'terlambat', '2026-04-06 04:40:34', '2026-04-06 04:40:34'),
(180, 8, 1, 1, '2026-03-10', '2026-03-10 06:39:12', 'terlambat', '2026-04-06 04:40:34', '2026-04-06 04:40:34'),
(181, 10, 1, 1, '2026-03-10', '2026-03-10 06:24:46', 'terlambat', '2026-04-06 04:40:34', '2026-04-06 04:40:34'),
(182, 12, 3, 3, '2026-03-10', '2026-03-10 22:00:55', 'hadir', '2026-04-06 04:40:34', '2026-04-06 04:40:34'),
(183, 5, 1, 1, '2026-03-09', '2026-03-09 06:17:03', 'terlambat', '2026-04-06 04:40:34', '2026-04-06 04:40:34'),
(184, 6, 1, 1, '2026-03-09', '2026-03-09 05:49:52', 'hadir', '2026-04-06 04:40:34', '2026-04-06 04:40:34'),
(185, 7, 1, 1, '2026-03-09', '2026-03-09 06:30:52', 'terlambat', '2026-04-06 04:40:34', '2026-04-06 04:40:34'),
(186, 12, 3, 3, '2026-03-09', '2026-03-09 22:27:47', 'terlambat', '2026-04-06 04:40:34', '2026-04-06 04:40:34'),
(187, 2, 1, 1, '2026-03-08', '2026-03-08 06:08:50', 'terlambat', '2026-04-06 04:40:34', '2026-04-06 04:40:34'),
(188, 3, 1, 1, '2026-03-08', '2026-03-08 06:21:22', 'terlambat', '2026-04-06 04:40:34', '2026-04-06 04:40:34'),
(189, 6, 1, 1, '2026-03-08', '2026-03-08 07:06:23', 'terlambat', '2026-04-06 04:40:34', '2026-04-06 04:40:34'),
(190, 7, 1, 1, '2026-03-08', '2026-03-08 05:49:03', 'hadir', '2026-04-06 04:40:34', '2026-04-06 04:40:34'),
(191, 8, 1, 1, '2026-03-08', '2026-03-08 06:03:23', 'hadir', '2026-04-06 04:40:34', '2026-04-06 04:40:34'),
(192, 10, 1, 1, '2026-03-08', '2026-03-08 06:52:20', 'terlambat', '2026-04-06 04:40:34', '2026-04-06 04:40:34'),
(193, 11, 2, 2, '2026-03-08', '2026-03-08 15:15:52', 'terlambat', '2026-04-06 04:40:34', '2026-04-06 04:40:34'),
(194, 12, 3, 3, '2026-03-08', '2026-03-08 21:47:25', 'hadir', '2026-04-06 04:40:34', '2026-04-06 04:40:34'),
(195, 2, 1, 1, '2026-04-06', '2026-04-06 05:55:00', 'hadir', '2026-04-06 04:40:34', '2026-04-06 04:40:34'),
(196, 3, 1, 1, '2026-04-06', '2026-04-06 06:20:00', 'terlambat', '2026-04-06 04:40:34', '2026-04-06 04:40:34'),
(197, 11, 2, 2, '2026-04-06', '2026-04-06 13:50:00', 'hadir', '2026-04-06 04:40:34', '2026-04-06 04:40:34'),
(198, 7, 1, 1, '2026-04-06', '2026-04-06 05:45:00', 'hadir', '2026-04-06 04:40:34', '2026-04-06 04:40:34'),
(199, 11, 2, 2, '2026-02-01', '2026-02-01 13:52:58', 'hadir', '2026-04-06 04:40:34', '2026-04-06 04:40:34'),
(200, 11, 2, 2, '2026-02-02', '2026-02-02 13:48:02', 'hadir', '2026-04-06 04:40:34', '2026-04-06 04:40:34'),
(201, 11, 2, 2, '2026-02-03', '2026-02-03 13:54:05', 'hadir', '2026-04-06 04:40:34', '2026-04-06 04:40:34'),
(202, 11, 2, 2, '2026-02-04', '2026-02-04 13:55:27', 'hadir', '2026-04-06 04:40:34', '2026-04-06 04:40:34'),
(203, 11, 2, 2, '2026-02-05', '2026-02-05 13:51:51', 'hadir', '2026-04-06 04:40:34', '2026-04-06 04:40:34'),
(204, 11, 2, 2, '2026-02-06', '2026-02-06 13:53:19', 'hadir', '2026-04-06 04:40:34', '2026-04-06 04:40:34'),
(205, 11, 2, 2, '2026-02-07', '2026-02-07 13:54:43', 'hadir', '2026-04-06 04:40:34', '2026-04-06 04:40:34'),
(206, 11, 2, 2, '2026-02-08', '2026-02-08 13:49:56', 'hadir', '2026-04-06 04:40:34', '2026-04-06 04:40:34'),
(207, 11, 2, 2, '2026-02-09', '2026-02-09 13:58:56', 'hadir', '2026-04-06 04:40:34', '2026-04-06 04:40:34'),
(208, 11, 2, 2, '2026-02-10', '2026-02-10 13:45:36', 'hadir', '2026-04-06 04:40:34', '2026-04-06 04:40:34'),
(209, 11, 2, 2, '2026-02-11', '2026-02-11 13:53:58', 'hadir', '2026-04-06 04:40:34', '2026-04-06 04:40:34'),
(210, 11, 2, 2, '2026-02-12', '2026-02-12 13:58:33', 'hadir', '2026-04-06 04:40:34', '2026-04-06 04:40:34'),
(211, 11, 2, 2, '2026-02-13', '2026-02-13 13:53:40', 'hadir', '2026-04-06 04:40:34', '2026-04-06 04:40:34'),
(212, 11, 2, 2, '2026-02-14', '2026-02-14 13:59:36', 'hadir', '2026-04-06 04:40:34', '2026-04-06 04:40:34'),
(213, 11, 2, 2, '2026-02-15', '2026-02-15 13:49:54', 'hadir', '2026-04-06 04:40:34', '2026-04-06 04:40:34'),
(214, 11, 2, 2, '2026-02-16', '2026-02-16 13:48:34', 'hadir', '2026-04-06 04:40:34', '2026-04-06 04:40:34'),
(215, 11, 2, 2, '2026-02-17', '2026-02-17 13:48:01', 'hadir', '2026-04-06 04:40:34', '2026-04-06 04:40:34'),
(216, 11, 2, 2, '2026-02-18', '2026-02-18 13:53:11', 'hadir', '2026-04-06 04:40:34', '2026-04-06 04:40:34'),
(217, 11, 2, 2, '2026-02-19', '2026-02-19 13:58:32', 'hadir', '2026-04-06 04:40:34', '2026-04-06 04:40:34'),
(218, 11, 2, 2, '2026-02-20', '2026-02-20 13:45:40', 'hadir', '2026-04-06 04:40:34', '2026-04-06 04:40:34'),
(219, 11, 2, 2, '2026-02-21', '2026-02-21 13:49:16', 'hadir', '2026-04-06 04:40:34', '2026-04-06 04:40:34'),
(220, 11, 2, 2, '2026-02-22', '2026-02-22 13:57:14', 'hadir', '2026-04-06 04:40:34', '2026-04-06 04:40:34'),
(221, 11, 2, 2, '2026-02-23', '2026-02-23 13:52:54', 'hadir', '2026-04-06 04:40:34', '2026-04-06 04:40:34'),
(222, 11, 2, 2, '2026-02-24', '2026-02-24 13:52:03', 'hadir', '2026-04-06 04:40:34', '2026-04-06 04:40:34'),
(223, 11, 2, 2, '2026-02-25', '2026-02-25 13:57:12', 'hadir', '2026-04-06 04:40:34', '2026-04-06 04:40:34'),
(224, 11, 2, 2, '2026-02-26', '2026-02-26 13:47:01', 'hadir', '2026-04-06 04:40:34', '2026-04-06 04:40:34'),
(225, 11, 2, 2, '2026-02-27', '2026-02-27 13:54:51', 'hadir', '2026-04-06 04:40:34', '2026-04-06 04:40:34'),
(226, 11, 2, 2, '2026-02-28', '2026-02-28 13:45:06', 'hadir', '2026-04-06 04:40:34', '2026-04-06 04:40:34'),
(227, 13, 2, 5, '2026-04-07', '2026-04-07 17:12:14', 'hadir', '2026-04-08 00:12:14', '2026-04-08 00:12:14'),
(228, 14, 2, 6, '2026-04-07', '2026-04-07 18:07:46', 'hadir', '2026-04-08 01:07:46', '2026-04-08 01:07:46'),
(229, 15, 2, 9, '2026-04-08', '2026-04-08 17:33:51', 'hadir', '2026-04-09 00:33:51', '2026-04-09 00:33:51'),
(230, 16, 2, 11, '2026-04-30', '2026-04-30 15:20:33', 'hadir', '2026-04-30 22:20:33', '2026-04-30 22:20:33'),
(231, 14, 1, 12, '2026-05-03', '2026-05-03 12:05:26', 'hadir', '2026-05-03 19:05:26', '2026-05-03 19:05:26'),
(232, 14, 2, 15, '2026-05-03', '2026-05-03 15:53:59', 'hadir', '2026-05-03 22:53:59', '2026-05-03 22:53:59');

-- --------------------------------------------------------

--
-- Table structure for table `barcodes`
--

CREATE TABLE `barcodes` (
  `id` bigint(20) UNSIGNED NOT NULL,
  `id_shift` bigint(20) UNSIGNED NOT NULL,
  `kode_barcode` char(36) NOT NULL,
  `waktu_mulai` datetime NOT NULL,
  `waktu_akhir` datetime NOT NULL,
  `status` enum('aktif','nonaktif') NOT NULL DEFAULT 'aktif',
  `created_at` timestamp NULL DEFAULT NULL,
  `updated_at` timestamp NULL DEFAULT NULL
) ENGINE=InnoDB DEFAULT CHARSET=utf8mb4 COLLATE=utf8mb4_unicode_ci;

--
-- Dumping data for table `barcodes`
--

INSERT INTO `barcodes` (`id`, `id_shift`, `kode_barcode`, `waktu_mulai`, `waktu_akhir`, `status`, `created_at`, `updated_at`) VALUES
(1, 1, 'd918fb1c-369b-4006-93a8-7d08fc419af9', '2026-04-06 05:00:00', '2026-04-06 07:00:00', 'aktif', '2026-04-06 04:40:33', '2026-04-06 04:40:33'),
(2, 2, 'bf40d04f-4db4-4ca8-86f0-69fb11d9b397', '2026-04-06 13:00:00', '2026-04-06 15:00:00', 'aktif', '2026-04-06 04:40:33', '2026-04-06 04:40:33'),
(3, 3, '4f5417ca-40fe-4c1f-8e05-f9396c915daf', '2026-04-06 21:00:00', '2026-04-06 23:00:00', 'aktif', '2026-04-06 04:40:33', '2026-04-06 04:40:33'),
(4, 1, '9db25884-27e1-465e-823a-3c6b5f8d7dfc', '2026-04-05 05:00:00', '2026-04-05 07:00:00', 'nonaktif', '2026-04-06 04:40:33', '2026-04-06 04:40:33'),
(5, 2, 'f635740d-cb7b-4fa5-a347-7dbfd3519ee3', '2026-04-07 17:11:27', '2026-04-07 17:16:27', 'aktif', '2026-04-08 00:11:27', '2026-04-08 00:11:27'),
(6, 2, 'a649d15d-2621-4bde-bf82-10b999ae0e6f', '2026-04-07 18:07:05', '2026-04-07 18:12:05', 'aktif', '2026-04-08 01:07:05', '2026-04-08 01:07:05'),
(7, 2, 'de16c07f-1e7c-4dec-ad17-bce6c00a618d', '2026-04-07 18:52:04', '2026-04-07 18:57:04', 'aktif', '2026-04-08 01:52:04', '2026-04-08 01:52:04'),
(8, 2, '29a56021-fb6d-4202-8bed-d59d9366f5c7', '2026-04-08 16:48:09', '2026-04-08 16:53:09', 'aktif', '2026-04-08 23:48:09', '2026-04-08 23:48:09'),
(9, 2, 'd814d8e0-612a-431f-ad5d-09fa09721f0a', '2026-04-08 17:33:35', '2026-04-08 17:38:35', 'aktif', '2026-04-09 00:33:35', '2026-04-09 00:33:35'),
(10, 2, '388b6f64-adce-4613-843f-22b3edf92247', '2026-04-23 14:10:19', '2026-04-23 14:15:19', 'aktif', '2026-04-23 21:10:19', '2026-04-23 21:10:19'),
(11, 2, 'f859ae7d-72f0-441f-9328-55a6c47c3dae', '2026-04-30 15:20:09', '2026-04-30 15:25:09', 'aktif', '2026-04-30 22:20:09', '2026-04-30 22:20:09'),
(12, 1, '3929d493-f582-460d-8e63-1c6295866d81', '2026-05-03 12:03:44', '2026-05-03 12:08:44', 'aktif', '2026-05-03 19:03:44', '2026-05-03 19:03:44'),
(13, 1, '0851e529-93ad-4d5a-9f96-13297d82fa29', '2026-05-03 15:39:32', '2026-05-03 15:44:32', 'aktif', '2026-05-03 22:39:32', '2026-05-03 22:39:32'),
(14, 2, '0ea04812-c441-406f-9df3-eaa98d43d256', '2026-05-03 15:43:50', '2026-05-03 15:48:50', 'aktif', '2026-05-03 22:43:50', '2026-05-03 22:43:50'),
(15, 2, '3ffb1a48-999f-4d80-a05c-ad1ed1a617b8', '2026-05-03 15:53:48', '2026-05-03 15:58:48', 'aktif', '2026-05-03 22:53:48', '2026-05-03 22:53:48');

-- --------------------------------------------------------

--
-- Table structure for table `cache`
--

CREATE TABLE `cache` (
  `key` varchar(255) NOT NULL,
  `value` mediumtext NOT NULL,
  `expiration` int(11) NOT NULL
) ENGINE=InnoDB DEFAULT CHARSET=utf8mb4 COLLATE=utf8mb4_unicode_ci;

--
-- Dumping data for table `cache`
--

INSERT INTO `cache` (`key`, `value`, `expiration`) VALUES
('absensi-qrcode-cache-absensi:16', 'i:2;', 1777537302);

-- --------------------------------------------------------

--
-- Table structure for table `cache_locks`
--

CREATE TABLE `cache_locks` (
  `key` varchar(255) NOT NULL,
  `owner` varchar(255) NOT NULL,
  `expiration` int(11) NOT NULL
) ENGINE=InnoDB DEFAULT CHARSET=utf8mb4 COLLATE=utf8mb4_unicode_ci;

-- --------------------------------------------------------

--
-- Table structure for table `failed_jobs`
--

CREATE TABLE `failed_jobs` (
  `id` bigint(20) UNSIGNED NOT NULL,
  `uuid` varchar(255) NOT NULL,
  `connection` text NOT NULL,
  `queue` text NOT NULL,
  `payload` longtext NOT NULL,
  `exception` longtext NOT NULL,
  `failed_at` timestamp NOT NULL DEFAULT current_timestamp()
) ENGINE=InnoDB DEFAULT CHARSET=utf8mb4 COLLATE=utf8mb4_unicode_ci;

-- --------------------------------------------------------

--
-- Table structure for table `jobs`
--

CREATE TABLE `jobs` (
  `id` bigint(20) UNSIGNED NOT NULL,
  `queue` varchar(255) NOT NULL,
  `payload` longtext NOT NULL,
  `attempts` tinyint(3) UNSIGNED NOT NULL,
  `reserved_at` int(10) UNSIGNED DEFAULT NULL,
  `available_at` int(10) UNSIGNED NOT NULL,
  `created_at` int(10) UNSIGNED NOT NULL
) ENGINE=InnoDB DEFAULT CHARSET=utf8mb4 COLLATE=utf8mb4_unicode_ci;

-- --------------------------------------------------------

--
-- Table structure for table `job_batches`
--

CREATE TABLE `job_batches` (
  `id` varchar(255) NOT NULL,
  `name` varchar(255) NOT NULL,
  `total_jobs` int(11) NOT NULL,
  `pending_jobs` int(11) NOT NULL,
  `failed_jobs` int(11) NOT NULL,
  `failed_job_ids` longtext NOT NULL,
  `options` mediumtext DEFAULT NULL,
  `cancelled_at` int(11) DEFAULT NULL,
  `created_at` int(11) NOT NULL,
  `finished_at` int(11) DEFAULT NULL
) ENGINE=InnoDB DEFAULT CHARSET=utf8mb4 COLLATE=utf8mb4_unicode_ci;

-- --------------------------------------------------------

--
-- Table structure for table `migrations`
--

CREATE TABLE `migrations` (
  `id` int(10) UNSIGNED NOT NULL,
  `migration` varchar(255) NOT NULL,
  `batch` int(11) NOT NULL
) ENGINE=InnoDB DEFAULT CHARSET=utf8mb4 COLLATE=utf8mb4_unicode_ci;

--
-- Dumping data for table `migrations`
--

INSERT INTO `migrations` (`id`, `migration`, `batch`) VALUES
(1, '0001_01_01_000000_create_users_table', 1),
(2, '0001_01_01_000001_create_cache_table', 1),
(3, '0001_01_01_000002_create_jobs_table', 1),
(4, '2025_12_03_155209_create_shifts_table', 1),
(5, '2025_12_03_155254_create_barcodes_table', 1),
(6, '2025_12_03_155312_create_absensis_table', 1);

-- --------------------------------------------------------

--
-- Table structure for table `password_reset_tokens`
--

CREATE TABLE `password_reset_tokens` (
  `email` varchar(255) NOT NULL,
  `token` varchar(255) NOT NULL,
  `created_at` timestamp NULL DEFAULT NULL
) ENGINE=InnoDB DEFAULT CHARSET=utf8mb4 COLLATE=utf8mb4_unicode_ci;

-- --------------------------------------------------------

--
-- Table structure for table `sessions`
--

CREATE TABLE `sessions` (
  `id` varchar(255) NOT NULL,
  `user_id` bigint(20) UNSIGNED DEFAULT NULL,
  `ip_address` varchar(45) DEFAULT NULL,
  `user_agent` text DEFAULT NULL,
  `payload` longtext NOT NULL,
  `last_activity` int(11) NOT NULL
) ENGINE=InnoDB DEFAULT CHARSET=utf8mb4 COLLATE=utf8mb4_unicode_ci;

--
-- Dumping data for table `sessions`
--

INSERT INTO `sessions` (`id`, `user_id`, `ip_address`, `user_agent`, `payload`, `last_activity`) VALUES
('3m5iPUm7D86qeHXv2IROwKtcg8JQF9RylIA5awtl', NULL, '103.160.69.171', 'Mozilla/5.0 (Windows NT 10.0; Win64; x64) AppleWebKit/537.36 (KHTML, like Gecko) Chrome/148.0.0.0 Safari/537.36 Edg/148.0.0.0', 'YTozOntzOjY6Il90b2tlbiI7czo0MDoidEJqN1JyRVU3dVZLNEpDckxxYVJCYjg1RU80Qmg3RmlkOUNmV0w1MCI7czo5OiJfcHJldmlvdXMiO2E6Mjp7czozOiJ1cmwiO3M6NTc6Imh0dHBzOi8vYWJzZW5zaS1iYXJjb2RlLmluZmluaXR5ZnJlZWFwcC5jb20vYXBpL3FyLWFjdGl2ZSI7czo1OiJyb3V0ZSI7czoxMzoiYXBpLnFyLWFjdGl2ZSI7fXM6NjoiX2ZsYXNoIjthOjI6e3M6Mzoib2xkIjthOjA6e31zOjM6Im5ldyI7YTowOnt9fX0=', 1780470343),
('4NIyiN90yL8Cc5yTJVN4BbZwGwJd7Km0SbzDp2JC', NULL, '180.248.5.246', 'Mozilla/5.0 (Windows NT 10.0; Win64; x64) AppleWebKit/537.36 (KHTML, like Gecko) Chrome/147.0.0.0 Safari/537.36', 'YTozOntzOjY6Il90b2tlbiI7czo0MDoiN0tUSFpFWDV1eUpYb1FaMFJiNEpRZm5ETElBYTFNUDVhbTJuWWtlQyI7czo5OiJfcHJldmlvdXMiO2E6Mjp7czozOiJ1cmwiO3M6NTc6Imh0dHBzOi8vYWJzZW5zaS1iYXJjb2RlLmluZmluaXR5ZnJlZWFwcC5jb20vYXBpL3FyLWFjdGl2ZSI7czo1OiJyb3V0ZSI7czoxMzoiYXBpLnFyLWFjdGl2ZSI7fXM6NjoiX2ZsYXNoIjthOjI6e3M6Mzoib2xkIjthOjA6e31zOjM6Im5ldyI7YTowOnt9fX0=', 1777811458),
('NqBicqOXsYAZpzfAKNIgWQ2Ba6gIs6zu5rFVlEw4', 14, '182.253.116.57', 'Mozilla/5.0 (Windows NT 10.0; Win64; x64) AppleWebKit/537.36 (KHTML, like Gecko) Chrome/147.0.0.0 Safari/537.36 Edg/147.0.0.0', 'YTo1OntzOjY6Il90b2tlbiI7czo0MDoiTm8zOU5hRVc5RkJSaXdIS1N2WTBFOVRGcFV4bjl5Mlpya25Ha1BHbiI7czozOiJ1cmwiO2E6MTp7czo4OiJpbnRlbmRlZCI7czo2NjoiaHR0cHM6Ly9hYnNlbnNpLWJhcmNvZGUuaW5maW5pdHlmcmVlYXBwLmNvbS9rYXJ5YXdhbi9kYXNoYm9hcmQ/aT0xIjt9czo5OiJfcHJldmlvdXMiO2E6Mjp7czozOiJ1cmwiO3M6NTU6Imh0dHBzOi8vYWJzZW5zaS1iYXJjb2RlLmluZmluaXR5ZnJlZWFwcC5jb20vZmF2aWNvbi5pY28iO3M6NToicm91dGUiO047fXM6NjoiX2ZsYXNoIjthOjI6e3M6Mzoib2xkIjthOjA6e31zOjM6Im5ldyI7YTowOnt9fXM6NTA6ImxvZ2luX3dlYl81OWJhMzZhZGRjMmIyZjk0MDE1ODBmMDE0YzdmNThlYTRlMzA5ODlkIjtpOjE0O30=', 1777816960),
('UdXkdlBJsCAUpyeizsddGt14znaCQw4cEPgVJVot', NULL, '182.253.244.5', 'Mozilla/5.0 (Windows NT 10.0; Win64; x64) AppleWebKit/537.36 (KHTML, like Gecko) Chrome/148.0.0.0 Safari/537.36 Edg/148.0.0.0', 'YTozOntzOjY6Il90b2tlbiI7czo0MDoieGNnWUJLZHlvdFFFeUs0QzhvNWtsNDlLWFBWeU5HdEp1czVBS2hIayI7czo5OiJfcHJldmlvdXMiO2E6Mjp7czozOiJ1cmwiO3M6NTc6Imh0dHBzOi8vYWJzZW5zaS1iYXJjb2RlLmluZmluaXR5ZnJlZWFwcC5jb20vYXBpL3FyLWFjdGl2ZSI7czo1OiJyb3V0ZSI7czoxMzoiYXBpLnFyLWFjdGl2ZSI7fXM6NjoiX2ZsYXNoIjthOjI6e3M6Mzoib2xkIjthOjA6e31zOjM6Im5ldyI7YTowOnt9fX0=', 1780488034);

-- --------------------------------------------------------

--
-- Table structure for table `shifts`
--

CREATE TABLE `shifts` (
  `id` bigint(20) UNSIGNED NOT NULL,
  `nama_shift` varchar(100) NOT NULL,
  `jam_mulai` time NOT NULL,
  `jam_akhir` time NOT NULL,
  `batas_telat` int(11) NOT NULL COMMENT 'Batas menit toleransi keterlambatan',
  `created_at` timestamp NULL DEFAULT NULL,
  `updated_at` timestamp NULL DEFAULT NULL
) ENGINE=InnoDB DEFAULT CHARSET=utf8mb4 COLLATE=utf8mb4_unicode_ci;

--
-- Dumping data for table `shifts`
--

INSERT INTO `shifts` (`id`, `nama_shift`, `jam_mulai`, `jam_akhir`, `batas_telat`, `created_at`, `updated_at`) VALUES
(1, 'Pagi', '06:00:00', '14:00:00', 15, '2026-04-06 04:40:33', '2026-04-06 04:40:33'),
(2, 'Sore', '14:00:00', '22:00:00', 15, '2026-04-06 04:40:33', '2026-04-06 04:40:33'),
(3, 'Malam', '22:00:00', '06:00:00', 10, '2026-04-06 04:40:33', '2026-04-06 04:40:33');

-- --------------------------------------------------------

--
-- Table structure for table `users`
--

CREATE TABLE `users` (
  `id` bigint(20) UNSIGNED NOT NULL,
  `uuid_user` char(36) NOT NULL,
  `nama` varchar(100) NOT NULL,
  `nip` varchar(20) DEFAULT NULL,
  `username` varchar(50) NOT NULL,
  `email` varchar(255) DEFAULT NULL,
  `password` varchar(255) NOT NULL,
  `role` enum('admin','karyawan') NOT NULL,
  `jabatan` varchar(100) DEFAULT NULL,
  `departemen` varchar(100) DEFAULT NULL,
  `jenis_kelamin` enum('L','P') DEFAULT NULL,
  `tempat_lahir` varchar(100) DEFAULT NULL,
  `tanggal_lahir` date DEFAULT NULL,
  `alamat` text DEFAULT NULL,
  `no_telepon` varchar(20) DEFAULT NULL,
  `status_karyawan` enum('tetap','kontrak','probation') NOT NULL DEFAULT 'probation',
  `tanggal_masuk` date DEFAULT NULL,
  `tanggal_keluar` date DEFAULT NULL,
  `foto` varchar(255) DEFAULT NULL,
  `remember_token` varchar(100) DEFAULT NULL,
  `created_at` timestamp NULL DEFAULT NULL,
  `updated_at` timestamp NULL DEFAULT NULL
) ENGINE=InnoDB DEFAULT CHARSET=utf8mb4 COLLATE=utf8mb4_unicode_ci;

--
-- Dumping data for table `users`
--

INSERT INTO `users` (`id`, `uuid_user`, `nama`, `nip`, `username`, `email`, `password`, `role`, `jabatan`, `departemen`, `jenis_kelamin`, `tempat_lahir`, `tanggal_lahir`, `alamat`, `no_telepon`, `status_karyawan`, `tanggal_masuk`, `tanggal_keluar`, `foto`, `remember_token`, `created_at`, `updated_at`) VALUES
(1, 'f5eb35f9-1934-4180-b6b5-93b3da667a89', 'Administrator', 'ADM001', 'admin', 'admin@cafe.com', '$2y$12$OlAw8094R.SkA56b1W5ufu.3uYGsMa3VfGnKGpNJ68Z/Djy7HEtem', 'admin', 'Manager', 'Management', 'L', 'Jakarta', '1985-05-15', 'Jl. Cafe No. 1, Jakarta Pusat', '081234567890', 'tetap', '2020-01-01', NULL, NULL, NULL, '2026-04-06 04:40:30', '2026-04-06 04:40:30'),
(2, '6a31cd94-61e7-4625-bffc-9ea8c52dc16c', 'Budi Santoso', 'KRY001', 'budi', 'budi.santoso@cafe.com', '$2y$12$TrTZbMV9rwyieMK8gE398OlO24dEXFMBNjHoccH7ToIl0iGUymgIK', 'karyawan', 'Barista', 'Coffee Station', 'L', 'Bandung', '1995-08-20', 'Jl. Merdeka No. 45, Bandung', '081234567891', 'tetap', '2021-03-15', NULL, NULL, NULL, '2026-04-06 04:40:33', '2026-04-06 04:40:33'),
(3, '48a08dec-bdca-468b-a6ea-8a2115efa38d', 'Siti Aminah', 'KRY002', 'siti', 'siti.aminah@cafe.com', '$2y$12$bosXa.Sm7vgIKPpg1DfKiONarvGQe8NfJVIQT7mCgV/4zKeJy4iqa', 'karyawan', 'Waitress', 'Service', 'P', 'Surabaya', '1998-11-10', 'Jl. Diponegoro No. 12, Surabaya', '081234567892', 'tetap', '2022-06-01', NULL, NULL, NULL, '2026-04-06 04:40:33', '2026-04-06 04:40:33'),
(4, 'a00319c4-7ab8-498e-a34e-ebc116f77556', 'Ahmad Fauzi', 'KRY003', 'ahmad', 'ahmad.fauzi@cafe.com', '$2y$12$AoBn5baaZrFFTWeOwi.Si.Tqk4VXVAnXOswkyRL0cEwPeytfbOx0S', 'karyawan', 'Kitchen Staff', 'Kitchen', 'L', 'Semarang', '1996-03-25', 'Jl. Gajah Mada No. 78, Semarang', '081234567893', 'kontrak', '2023-01-10', '2024-01-09', NULL, NULL, '2026-04-06 04:40:33', '2026-04-06 04:40:33'),
(5, 'f2a666d0-067a-41c9-8edf-04249b9fec69', 'Rina Melati', 'KRY004', 'rina', 'rina.melati@cafe.com', '$2y$12$cEm7u6XTAiUa9dp84SUtsuDDPjpZqJWCgIABiJNx33IoVE1xhOcya', 'karyawan', 'Cashier', 'Cashier', 'P', 'Yogyakarta', '1999-07-14', 'Jl. Malioboro No. 56, Yogyakarta', '081234567894', 'tetap', '2022-08-20', NULL, NULL, NULL, '2026-04-06 04:40:33', '2026-04-06 04:40:33'),
(6, 'a9646172-acfd-49f4-bd25-24e5c250493c', 'Dewi Anggraini', 'KRY005', 'dewi', 'dewi.anggraini@cafe.com', '$2y$12$syYUWMRnEBKmzAw1eYMA4.CCvAWdRkmALvbPyrHggj2e2rn2uPOTm', 'karyawan', 'Waitress', 'Service', 'P', 'Malang', '2000-09-30', 'Jl. Ijen No. 23, Malang', '081234567895', 'probation', '2026-02-06', NULL, NULL, NULL, '2026-04-06 04:40:33', '2026-04-06 04:40:33'),
(7, '14f2d0b7-ba31-4464-a2d3-8ec88dbd20ae', 'Joko Susilo', 'KRY006', 'joko', 'joko.susilo@cafe.com', '$2y$12$FFCAPzN/tFmPSe3I5Mkzg.Bh5qB22WtC03k.2nCcYpmTN2B7FM1oO', 'karyawan', 'Head Chef', 'Kitchen', 'L', 'Solo', '1993-12-05', 'Jl. Slamet Riyadi No. 34, Solo', '081234567896', 'tetap', '2020-11-15', NULL, NULL, NULL, '2026-04-06 04:40:33', '2026-04-06 04:40:33'),
(8, '2ae2802f-48d9-4392-a36d-f1ef08b3dd48', 'Maya Sari', 'KRY007', 'maya', 'maya.sari@cafe.com', '$2y$12$miTMhEz21QyQuF/EcD1n/ewuq/qCteKjcojM1O0OzB0RjtvKBekMO', 'karyawan', 'Pastry Chef', 'Kitchen', 'P', 'Medan', '1994-04-18', 'Jl. Gatot Subroto No. 67, Medan', '081234567897', 'tetap', '2021-09-10', NULL, NULL, NULL, '2026-04-06 04:40:33', '2026-04-06 04:40:33'),
(9, '77eb7dae-46db-4efc-8a49-7fef688c4b00', 'Rizki Pratama', 'KRY008', 'rizki', 'rizki.pratama@cafe.com', '$2y$12$VTH2IRWoeFZPJtGVfU5QUe82xjxQJC/.paP9diAiI1nQNsr3TVavK', 'karyawan', 'Cleaner', 'Maintenance', 'L', 'Bekasi', '1998-02-22', 'Jl. Juanda No. 89, Bekasi', '081234567898', 'kontrak', '2023-03-01', '2024-03-01', NULL, NULL, '2026-04-06 04:40:33', '2026-04-06 04:40:33'),
(10, 'bca038d3-8755-46b2-a982-a514c68ddb63', 'Linda Wati', 'KRY009', 'linda', 'linda.wati@cafe.com', '$2y$12$zEG8RHt2/afiyxNp6IxAneAEwKi6TmL6/7FwTM3evlFqhTdmA8Kv6', 'karyawan', 'Barista', 'Coffee Station', 'P', 'Tangerang', '1996-06-12', 'Jl. Sudirman No. 45, Tangerang', '081234567899', 'tetap', '2021-05-05', NULL, NULL, NULL, '2026-04-06 04:40:33', '2026-04-06 04:40:33'),
(11, 'eb25e359-93e3-4d96-89c9-a3997bd20580', 'Adam Wijaya', 'KRY010', 'adam', 'adam.wijaya@cafe.com', '$2y$12$CuS6ovijs45aTH0Pe9DlYulVlR/dU0sXr6EgE56TFUo9eUJwaCCRC', 'karyawan', 'Barista', 'Coffee Station', 'L', 'Bogor', '1997-10-08', 'Jl. Pajajaran No. 11, Bogor', '081234567810', 'tetap', '2022-12-20', NULL, NULL, NULL, '2026-04-06 04:40:33', '2026-04-06 04:40:33'),
(12, '56a98f00-5c99-45c8-95b7-7bec0112132d', 'Hendra Gunawan', 'KRY011', 'hendra', 'hendra.gunawan@cafe.com', '$2y$12$TSonm0SmqdtvlMFzqpDYVuyi0fWrGsFBUD6IHgeE1olUZwv5gUnO.', 'karyawan', 'Security', 'Security', 'L', 'Bogor', '1986-10-08', 'Jl. Pajajaran No. 11, Bogor', '081234567811', 'tetap', '2018-12-20', NULL, NULL, NULL, '2026-04-06 04:40:33', '2026-04-06 04:40:33'),
(13, '6a9f4ac5-e6e0-4267-8e32-43b3a895db11', 'dinda cantik', '123', 'dinda', 'awfmarden18@gmail.com', '$2y$12$ssIm2hILZ4xCqoSyOCPosuyDulNHopPX3XiWwRmiVvPcdhj8pPGMy', 'karyawan', NULL, NULL, 'P', 'kediri', '2026-04-07', NULL, NULL, 'tetap', '2026-04-07', NULL, NULL, NULL, '2026-04-08 00:10:35', '2026-04-08 00:10:35'),
(14, '6ee2d132-c141-42c8-b6bd-a7ca7a918f08', 'BRIYAN', '1234', 'BRIYAN', 'briyannugroho27@gmail.com', '$2y$12$dOhx1ZoBXtPmh4hXS0loXeBRO6pxPW6Hk3t2YBAOhLOBqCF5ws0Ya', 'karyawan', NULL, NULL, 'L', 'nganjuk', NULL, NULL, NULL, 'probation', '2026-07-04', NULL, NULL, NULL, '2026-04-08 01:06:22', '2026-04-08 01:06:22'),
(15, '50a0d119-2c59-49d4-b9c5-5ce2bf1b3960', 'pak zaki', '1234567', 'pakzaki', 'm.n.muzaki@gmail.com', '$2y$12$T1um.EeToBqGAs/CqJB3beMFhO9nNsS4mr4CS1SPfnoSbu5tDfXHa', 'karyawan', 'Barista', NULL, 'L', NULL, NULL, NULL, NULL, 'tetap', '2026-04-08', NULL, NULL, NULL, '2026-04-09 00:32:03', '2026-04-09 00:32:03'),
(16, '31ecd579-997e-4afa-8105-dba3cd417d30', 'NANA', '12345', 'NANA', 'trisnawahyuintan@gmail.com', '$2y$12$vnREqXfmNzH1ShQulEbDTunvTB6TleweuITBAO0g6qJpaAS5h/1Ke', 'karyawan', NULL, NULL, NULL, NULL, NULL, NULL, NULL, 'probation', '2026-04-30', NULL, NULL, NULL, '2026-04-30 22:19:02', '2026-04-30 22:19:02');

--
-- Indexes for dumped tables
--

--
-- Indexes for table `absensis`
--
ALTER TABLE `absensis`
  ADD PRIMARY KEY (`id`),
  ADD KEY `absensis_id_user_foreign` (`id_user`),
  ADD KEY `absensis_id_shift_foreign` (`id_shift`),
  ADD KEY `absensis_id_barcode_foreign` (`id_barcode`);

--
-- Indexes for table `barcodes`
--
ALTER TABLE `barcodes`
  ADD PRIMARY KEY (`id`),
  ADD UNIQUE KEY `barcodes_kode_barcode_unique` (`kode_barcode`),
  ADD KEY `barcodes_id_shift_foreign` (`id_shift`);

--
-- Indexes for table `cache`
--
ALTER TABLE `cache`
  ADD PRIMARY KEY (`key`);

--
-- Indexes for table `cache_locks`
--
ALTER TABLE `cache_locks`
  ADD PRIMARY KEY (`key`);

--
-- Indexes for table `failed_jobs`
--
ALTER TABLE `failed_jobs`
  ADD PRIMARY KEY (`id`),
  ADD UNIQUE KEY `failed_jobs_uuid_unique` (`uuid`);

--
-- Indexes for table `jobs`
--
ALTER TABLE `jobs`
  ADD PRIMARY KEY (`id`),
  ADD KEY `jobs_queue_index` (`queue`);

--
-- Indexes for table `job_batches`
--
ALTER TABLE `job_batches`
  ADD PRIMARY KEY (`id`);

--
-- Indexes for table `migrations`
--
ALTER TABLE `migrations`
  ADD PRIMARY KEY (`id`);

--
-- Indexes for table `password_reset_tokens`
--
ALTER TABLE `password_reset_tokens`
  ADD PRIMARY KEY (`email`);

--
-- Indexes for table `sessions`
--
ALTER TABLE `sessions`
  ADD PRIMARY KEY (`id`),
  ADD KEY `sessions_user_id_index` (`user_id`),
  ADD KEY `sessions_last_activity_index` (`last_activity`);

--
-- Indexes for table `shifts`
--
ALTER TABLE `shifts`
  ADD PRIMARY KEY (`id`);

--
-- Indexes for table `users`
--
ALTER TABLE `users`
  ADD PRIMARY KEY (`id`),
  ADD UNIQUE KEY `users_uuid_user_unique` (`uuid_user`),
  ADD UNIQUE KEY `users_username_unique` (`username`),
  ADD UNIQUE KEY `users_nip_unique` (`nip`),
  ADD UNIQUE KEY `users_email_unique` (`email`);

--
-- AUTO_INCREMENT for dumped tables
--

--
-- AUTO_INCREMENT for table `absensis`
--
ALTER TABLE `absensis`
  MODIFY `id` bigint(20) UNSIGNED NOT NULL AUTO_INCREMENT, AUTO_INCREMENT=233;

--
-- AUTO_INCREMENT for table `barcodes`
--
ALTER TABLE `barcodes`
  MODIFY `id` bigint(20) UNSIGNED NOT NULL AUTO_INCREMENT, AUTO_INCREMENT=16;

--
-- AUTO_INCREMENT for table `failed_jobs`
--
ALTER TABLE `failed_jobs`
  MODIFY `id` bigint(20) UNSIGNED NOT NULL AUTO_INCREMENT;

--
-- AUTO_INCREMENT for table `jobs`
--
ALTER TABLE `jobs`
  MODIFY `id` bigint(20) UNSIGNED NOT NULL AUTO_INCREMENT;

--
-- AUTO_INCREMENT for table `migrations`
--
ALTER TABLE `migrations`
  MODIFY `id` int(10) UNSIGNED NOT NULL AUTO_INCREMENT, AUTO_INCREMENT=7;

--
-- AUTO_INCREMENT for table `shifts`
--
ALTER TABLE `shifts`
  MODIFY `id` bigint(20) UNSIGNED NOT NULL AUTO_INCREMENT, AUTO_INCREMENT=4;

--
-- AUTO_INCREMENT for table `users`
--
ALTER TABLE `users`
  MODIFY `id` bigint(20) UNSIGNED NOT NULL AUTO_INCREMENT, AUTO_INCREMENT=17;

--
-- Constraints for dumped tables
--

--
-- Constraints for table `absensis`
--
ALTER TABLE `absensis`
  ADD CONSTRAINT `absensis_id_barcode_foreign` FOREIGN KEY (`id_barcode`) REFERENCES `barcodes` (`id`) ON DELETE CASCADE,
  ADD CONSTRAINT `absensis_id_shift_foreign` FOREIGN KEY (`id_shift`) REFERENCES `shifts` (`id`) ON DELETE CASCADE,
  ADD CONSTRAINT `absensis_id_user_foreign` FOREIGN KEY (`id_user`) REFERENCES `users` (`id`) ON DELETE CASCADE;

--
-- Constraints for table `barcodes`
--
ALTER TABLE `barcodes`
  ADD CONSTRAINT `barcodes_id_shift_foreign` FOREIGN KEY (`id_shift`) REFERENCES `shifts` (`id`) ON DELETE CASCADE;
COMMIT;

/*!40101 SET CHARACTER_SET_CLIENT=@OLD_CHARACTER_SET_CLIENT */;
/*!40101 SET CHARACTER_SET_RESULTS=@OLD_CHARACTER_SET_RESULTS */;
/*!40101 SET COLLATION_CONNECTION=@OLD_COLLATION_CONNECTION */;
